{"cameraMode":{"drawMode":0,"name":"Shaded","section":"Shading Mode"},"sceneLighting":true,"audioPlay":false,"sceneViewState":{"m_AlwaysRefresh":false,"showFog":true,"showSkybox":true,"showFlares":true,"showImageEffects":true,"showParticleSystems":true,"showVisualEffectGraphs":true,"m_FxEnabled":true},"in2DMode":false,"pivot":{"x":-4.970390319824219,"y":7.844767093658447,"z":-191.2034912109375},"rotation":{"x":0.10065874457359314,"y":-0.009459685534238816,"z":0.0013395636342465878,"w":0.9951769113540649},"size":1.299038290977478,"orthographic":false}